{"accuracy":0.98,"_wandb":{"runtime":49},"avg_loss":1.493543543633382,"epoch_time":3.8113670349121094,"_timestamp":1.7434752110113373e+09,"_runtime":49.79262899,"_step":10}