{"accuracy":0.43,"_wandb":{"runtime":96},"_timestamp":1.7434745562053216e+09,"_runtime":96.782111784,"_step":10,"avg_loss":1.499485632416549}