{"_step":9,"_wandb":{"runtime":99},"avg_loss":1.494472280429427,"_timestamp":1.7434743825279355e+09,"_runtime":79.541722147}